form_type_entry,name_entry,org_entry,email_entry,password_entry,desc_entry,website_entry
Student,Abeu Caldron,Yacero,acaldron0@feedburner.com,04WjxZrd,"Suspendisse ornare consequat lectus. In est risus, auctor sed, tristique in, tempus sit amet, sem. Fusce consequat.",http://rakuten.co.jp
Company,Tommy Gallafant,Aimbo,tgallafant1@gov.uk,HjTuZ9XEB7aK,"Nam congue, risus semper porta volutpat, quam pede lobortis ligula, sit amet eleifend pede libero quis orci. Nullam molestie nibh in lectus. Pellentesque at nulla. Suspendisse potenti.",https://msn.com
Nonprofit,Ellette Stringman,Skyndu,estringman2@upenn.edu,C2sJPboeXF,"In hac habitasse platea dictumst. Maecenas ut massa quis augue luctus tincidunt. Nulla mollis molestie lorem. Quisque ut erat. Curabitur gravida nisi at nibh. In hac habitasse platea dictumst. Aliquam augue quam, sollicitudin vitae, consectetuer eget, rutrum at, lorem.",https://devhub.com
Student,Smitty Ripsher,Skynoodle,sripsher3@stanford.edu,m0bbSuT,"Nulla neque libero, convallis eget, eleifend luctus, ultricies eu, nibh. Quisque id justo sit amet sapien dignissim vestibulum. Vestibulum ante ipsum primis in faucibus orci luctus et ultrices posuere cubilia Curae; Nulla dapibus dolor vel est. Donec odio justo, sollicitudin ut, suscipit a, feugiat et, eros. Vestibulum ac est lacinia nisi venenatis tristique. Fusce congue, diam id ornare imperdiet, sapien urna pretium nisl, ut volutpat sapien arcu sed augue.",https://hugedomains.com
Company,Linnet Dmitriev,Eayo,ldmitriev4@paypal.com,xftdkdhhJ,Donec quis orci eget orci vehicula condimentum. Curabitur in libero ut massa volutpat convallis.,https://reference.com
Student,Gian Ovens,Kazio,govens5@nba.com,mhZlN3,Sed sagittis.,http://google.pl
Nonprofit,Dianne Parlett,Abatz,dparlett6@merriam-webster.com,ExcXFfHMN3U,"Aenean sit amet justo. Morbi ut odio. Cras mi pede, malesuada in, imperdiet et, commodo vulputate, justo. In blandit ultrices enim. Lorem ipsum dolor sit amet, consectetuer adipiscing elit.",http://cdbaby.com
Nonprofit,King Sorel,Wikibox,ksorel7@desdev.cn,2NYWVYxvC3,"Integer aliquet, massa id lobortis convallis, tortor risus dapibus augue, vel accumsan tellus nisi eu orci. Mauris lacinia sapien quis libero. Nullam sit amet turpis elementum ligula vehicula consequat. Morbi a ipsum. Integer a nibh. In quis justo.",http://flickr.com
Company,Eunice Kiendl,Dabjam,ekiendl8@github.com,O2mvRy4qaVlX,"Suspendisse potenti. Cras in purus eu magna vulputate luctus. Cum sociis natoque penatibus et magnis dis parturient montes, nascetur ridiculus mus. Vivamus vestibulum sagittis sapien. Cum sociis natoque penatibus et magnis dis parturient montes, nascetur ridiculus mus. Etiam vel augue. Vestibulum rutrum rutrum neque. Aenean auctor gravida sem. Praesent id massa id nisl venenatis lacinia.",https://flickr.com
Nonprofit,Cordie Gookey,Livefish,cgookey9@wix.com,py4DPRiwtM,Vestibulum sed magna at nunc commodo placerat.,http://dropbox.com
Student,Bobbye Sale,Pixonyx,bsalea@reference.com,MaiB7oEXL,Aliquam erat volutpat. In congue. Etiam justo. Etiam pretium iaculis justo. In hac habitasse platea dictumst. Etiam faucibus cursus urna.,http://ft.com
Nonprofit,Mari Keyte,Brainbox,mkeyteb@ifeng.com,9c4kwOi3rLl,In congue. Etiam justo. Etiam pretium iaculis justo. In hac habitasse platea dictumst.,https://addtoany.com
Company,Tania Tewes,Youbridge,ttewesc@unblog.fr,xHCMzbIk,Sed accumsan felis.,http://tinypic.com
Nonprofit,Shawn Cotgrave,Photofeed,scotgraved@pcworld.com,weyOsJPsotqR,Etiam vel augue. Vestibulum rutrum rutrum neque. Aenean auctor gravida sem.,https://yellowpages.com
Company,Dedie Rixon,Brightdog,drixone@oracle.com,wz6bVcje,"Fusce consequat. Nulla nisl. Nunc nisl. Duis bibendum, felis sed interdum venenatis, turpis enim blandit mi, in porttitor pede justo eu massa.",https://mayoclinic.com
Company,Jon Espina,Teklist,jespinaf@wiley.com,Edn8M9MHqV2,"Curabitur in libero ut massa volutpat convallis. Morbi odio odio, elementum eu, interdum eu, tincidunt in, leo. Maecenas pulvinar lobortis est.",https://shop-pro.jp
Company,Selle Stickler,Quimm,ssticklerg@theguardian.com,1zUiJtS,"Mauris enim leo, rhoncus sed, vestibulum sit amet, cursus id, turpis. Integer aliquet, massa id lobortis convallis, tortor risus dapibus augue, vel accumsan tellus nisi eu orci. Mauris lacinia sapien quis libero.",http://nymag.com
Company,Christie McQuilty,Livepath,cmcquiltyh@imdb.com,7b5eJEWf3o,"Suspendisse accumsan tortor quis turpis. Sed ante. Vivamus tortor. Duis mattis egestas metus. Aenean fermentum. Donec ut mauris eget massa tempor convallis. Nulla neque libero, convallis eget, eleifend luctus, ultricies eu, nibh. Quisque id justo sit amet sapien dignissim vestibulum. Vestibulum ante ipsum primis in faucibus orci luctus et ultrices posuere cubilia Curae; Nulla dapibus dolor vel est.",https://scribd.com
Nonprofit,Inessa Crouse,Twitterbeat,icrousei@woothemes.com,5I5mgxj3L1,"Aliquam sit amet diam in magna bibendum imperdiet. Nullam orci pede, venenatis non, sodales sed, tincidunt eu, felis. Fusce posuere felis sed lacus. Morbi sem mauris, laoreet ut, rhoncus aliquet, pulvinar sed, nisl. Nunc rhoncus dui vel sem. Sed sagittis. Nam congue, risus semper porta volutpat, quam pede lobortis ligula, sit amet eleifend pede libero quis orci.",http://ustream.tv
Company,Moyna Perigoe,Zooveo,mperigoej@hubpages.com,zx3d0PKdm,"Morbi ut odio. Cras mi pede, malesuada in, imperdiet et, commodo vulputate, justo. In blandit ultrices enim. Lorem ipsum dolor sit amet, consectetuer adipiscing elit.",http://123-reg.co.uk
Student,Maia Stoaks,Vimbo,mstoaksk@loc.gov,qxpFxLXqqDw3,Aenean auctor gravida sem. Praesent id massa id nisl venenatis lacinia. Aenean sit amet justo. Morbi ut odio.,https://spiegel.de
Nonprofit,Graehme Elliston,Wordtune,gellistonl@over-blog.com,gIL0Jmxq8T,"Suspendisse ornare consequat lectus. In est risus, auctor sed, tristique in, tempus sit amet, sem. Fusce consequat. Nulla nisl. Nunc nisl. Duis bibendum, felis sed interdum venenatis, turpis enim blandit mi, in porttitor pede justo eu massa. Donec dapibus. Duis at velit eu est congue elementum.",https://sitemeter.com
Student,Deina Habron,Eire,dhabronm@nytimes.com,Tb1t2H3Hfs,Maecenas ut massa quis augue luctus tincidunt. Nulla mollis molestie lorem. Quisque ut erat.,https://walmart.com
Nonprofit,Eden Purple,Rhyzio,epurplen@themeforest.net,gCv0ilCh,"Donec ut dolor. Morbi vel lectus in quam fringilla rhoncus. Mauris enim leo, rhoncus sed, vestibulum sit amet, cursus id, turpis. Integer aliquet, massa id lobortis convallis, tortor risus dapibus augue, vel accumsan tellus nisi eu orci. Mauris lacinia sapien quis libero.",https://cafepress.com
Company,Foss Sivorn,Voonix,fsivorno@artisteer.com,9ONTcqS9o,"Nullam porttitor lacus at turpis. Donec posuere metus vitae ipsum. Aliquam non mauris. Morbi non lectus. Aliquam sit amet diam in magna bibendum imperdiet. Nullam orci pede, venenatis non, sodales sed, tincidunt eu, felis. Fusce posuere felis sed lacus. Morbi sem mauris, laoreet ut, rhoncus aliquet, pulvinar sed, nisl. Nunc rhoncus dui vel sem.",http://ow.ly
Nonprofit,Elvira Aughtie,Quimm,eaughtiep@shareasale.com,5ZBPxwLxOIxh,"Sed vel enim sit amet nunc viverra dapibus. Nulla suscipit ligula in lacus. Curabitur at ipsum ac tellus semper interdum. Mauris ullamcorper purus sit amet nulla. Quisque arcu libero, rutrum ac, lobortis vel, dapibus at, diam. Nam tristique tortor eu pede.",https://google.com.hk
Company,Melita Garth,Camimbo,mgarthq@noaa.gov,LI9SlwO,"Nulla ac enim. In tempor, turpis nec euismod scelerisque, quam turpis adipiscing lorem, vitae mattis nibh ligula nec sem. Duis aliquam convallis nunc.",https://purevolume.com
Nonprofit,Anthe Zorzi,Zazio,azorzir@shinystat.com,nlYqgON3hMb,Sed ante.,https://moonfruit.com
Nonprofit,Faye Speddin,Fiveclub,fspeddins@java.com,QFdp551,"Fusce lacus purus, aliquet at, feugiat non, pretium quis, lectus.",http://i2i.jp
Company,Conrad Furze,Jabbersphere,cfurzet@bloomberg.com,vLqV99d,"Morbi odio odio, elementum eu, interdum eu, tincidunt in, leo. Maecenas pulvinar lobortis est. Phasellus sit amet erat. Nulla tempus. Vivamus in felis eu sapien cursus vestibulum.",http://skyrock.com
Company,Ruthi Bowick,Thoughtblab,rbowicku@constantcontact.com,5TwN1Ut,"Lorem ipsum dolor sit amet, consectetuer adipiscing elit. Proin risus. Praesent lectus. Vestibulum quam sapien, varius ut, blandit non, interdum in, ante. Vestibulum ante ipsum primis in faucibus orci luctus et ultrices posuere cubilia Curae; Duis faucibus accumsan odio. Curabitur convallis.",https://tripod.com
Nonprofit,Regine Strute,Midel,rstrutev@typepad.com,8NB61ngb44d,"Cum sociis natoque penatibus et magnis dis parturient montes, nascetur ridiculus mus. Etiam vel augue. Vestibulum rutrum rutrum neque. Aenean auctor gravida sem. Praesent id massa id nisl venenatis lacinia. Aenean sit amet justo.",https://google.com.hk
Company,Denna Cain,Divanoodle,dcainw@comcast.net,2pafh0CtZoN,Vestibulum ante ipsum primis in faucibus orci luctus et ultrices posuere cubilia Curae; Duis faucibus accumsan odio. Curabitur convallis. Duis consequat dui nec nisi volutpat eleifend.,https://imgur.com
Nonprofit,Brod Dymocke,LiveZ,bdymockex@is.gd,y6JJzwaMYy,"Suspendisse ornare consequat lectus. In est risus, auctor sed, tristique in, tempus sit amet, sem. Fusce consequat. Nulla nisl. Nunc nisl. Duis bibendum, felis sed interdum venenatis, turpis enim blandit mi, in porttitor pede justo eu massa.",http://mail.ru
Student,Roshelle Crossingham,Livetube,rcrossinghamy@imdb.com,kJGoVAjKy,"Mauris enim leo, rhoncus sed, vestibulum sit amet, cursus id, turpis. Integer aliquet, massa id lobortis convallis, tortor risus dapibus augue, vel accumsan tellus nisi eu orci. Mauris lacinia sapien quis libero. Nullam sit amet turpis elementum ligula vehicula consequat. Morbi a ipsum. Integer a nibh.",https://cbsnews.com
Student,Erinn Statersfield,Janyx,estatersfieldz@boston.com,oUScMnL6Hdg,"Integer aliquet, massa id lobortis convallis, tortor risus dapibus augue, vel accumsan tellus nisi eu orci. Mauris lacinia sapien quis libero. Nullam sit amet turpis elementum ligula vehicula consequat. Morbi a ipsum. Integer a nibh. In quis justo. Maecenas rhoncus aliquam lacus. Morbi quis tortor id nulla ultrices aliquet. Maecenas leo odio, condimentum id, luctus nec, molestie sed, justo.",https://guardian.co.uk
Nonprofit,Pace Frensche,Jaxworks,pfrensche10@virginia.edu,K5Ftg70P4E,Etiam pretium iaculis justo.,http://histats.com
Student,Leela Varley,Edgeblab,lvarley11@blogs.com,6t0wOS,"Nam nulla. Integer pede justo, lacinia eget, tincidunt eget, tempus vel, pede. Morbi porttitor lorem id ligula. Suspendisse ornare consequat lectus.",http://newyorker.com
Nonprofit,Jerad Reiner,Skalith,jreiner12@ftc.gov,90ts7b,Nulla suscipit ligula in lacus. Curabitur at ipsum ac tellus semper interdum.,https://list-manage.com
Student,Pyotr McGauhy,Cogidoo,pmcgauhy13@nytimes.com,iLnxXk,Vestibulum ante ipsum primis in faucibus orci luctus et ultrices posuere cubilia Curae; Mauris viverra diam vitae quam.,http://elpais.com
Company,Briney Machent,Browsetype,bmachent14@tuttocitta.it,wvRESymGev,Etiam justo. Etiam pretium iaculis justo. In hac habitasse platea dictumst. Etiam faucibus cursus urna. Ut tellus. Nulla ut erat id mauris vulputate elementum. Nullam varius.,http://mayoclinic.com
Nonprofit,Katina Londing,Youfeed,klonding15@mediafire.com,DWwy0r0kXOF6,"Pellentesque viverra pede ac diam. Cras pellentesque volutpat dui. Maecenas tristique, est et tempus semper, est quam pharetra magna, ac consequat metus sapien ut nunc. Vestibulum ante ipsum primis in faucibus orci luctus et ultrices posuere cubilia Curae; Mauris viverra diam vitae quam. Suspendisse potenti.",http://state.tx.us
Student,John Cooling,Brainlounge,jcooling16@msu.edu,UKe4kGdf,Sed accumsan felis.,http://wisc.edu
Nonprofit,Bunnie Fridd,Latz,bfridd17@msn.com,zXmnk8WA,In hac habitasse platea dictumst. Maecenas ut massa quis augue luctus tincidunt. Nulla mollis molestie lorem.,http://blogtalkradio.com
Nonprofit,Shelbi Humphris,Flipopia,shumphris18@taobao.com,9DQfRzGEt,"Duis consequat dui nec nisi volutpat eleifend. Donec ut dolor. Morbi vel lectus in quam fringilla rhoncus. Mauris enim leo, rhoncus sed, vestibulum sit amet, cursus id, turpis. Integer aliquet, massa id lobortis convallis, tortor risus dapibus augue, vel accumsan tellus nisi eu orci. Mauris lacinia sapien quis libero.",https://discuz.net
Company,Corbie Henken,Vinte,chenken19@netlog.com,k6H7l2d,"Integer ac leo. Pellentesque ultrices mattis odio. Donec vitae nisi. Nam ultrices, libero non mattis pulvinar, nulla pede ullamcorper augue, a suscipit nulla elit ac nulla. Sed vel enim sit amet nunc viverra dapibus. Nulla suscipit ligula in lacus. Curabitur at ipsum ac tellus semper interdum. Mauris ullamcorper purus sit amet nulla.",http://spotify.com
Student,Celinka Cramphorn,Skyndu,ccramphorn1a@moonfruit.com,uUhbHB3,"Donec dapibus. Duis at velit eu est congue elementum. In hac habitasse platea dictumst. Morbi vestibulum, velit id pretium iaculis, diam erat fermentum justo, nec condimentum neque sapien placerat ante. Nulla justo. Aliquam quis turpis eget elit sodales scelerisque. Mauris sit amet eros.",https://arizona.edu
Student,Edouard Mottershaw,Mudo,emottershaw1b@rediff.com,PZse6j4A,"Sed vel enim sit amet nunc viverra dapibus. Nulla suscipit ligula in lacus. Curabitur at ipsum ac tellus semper interdum. Mauris ullamcorper purus sit amet nulla. Quisque arcu libero, rutrum ac, lobortis vel, dapibus at, diam.",http://boston.com
Nonprofit,Grady Steanson,Zoomcast,gsteanson1c@theguardian.com,1IiQ86C,Vestibulum ante ipsum primis in faucibus orci luctus et ultrices posuere cubilia Curae; Mauris viverra diam vitae quam. Suspendisse potenti. Nullam porttitor lacus at turpis. Donec posuere metus vitae ipsum. Aliquam non mauris. Morbi non lectus. Aliquam sit amet diam in magna bibendum imperdiet.,https://princeton.edu
Nonprofit,Kora Goulbourne,Lazzy,kgoulbourne1d@cmu.edu,5MsuYTsjPv,"Duis ac nibh. Fusce lacus purus, aliquet at, feugiat non, pretium quis, lectus. Suspendisse potenti.",http://scribd.com
Company,Doralin Coe,Twinder,dcoe1e@woothemes.com,OSCMt1C,"In hac habitasse platea dictumst. Morbi vestibulum, velit id pretium iaculis, diam erat fermentum justo, nec condimentum neque sapien placerat ante. Nulla justo. Aliquam quis turpis eget elit sodales scelerisque. Mauris sit amet eros.",http://twitpic.com
Student,Germaine MacKereth,Feedfire,gmackereth1f@globo.com,PksC1mXROU,Nulla facilisi. Cras non velit nec nisi vulputate nonummy. Maecenas tincidunt lacus at velit. Vivamus vel nulla eget eros elementum pellentesque. Quisque porta volutpat erat.,http://vk.com
Student,Dody Garatty,Feedfish,dgaratty1g@admin.ch,yeXCu5TT6035,Donec ut dolor. Morbi vel lectus in quam fringilla rhoncus.,https://nationalgeographic.com
Company,Sonja Alcock,Yodel,salcock1h@toplist.cz,nAm4k9QeFyyz,"Aliquam augue quam, sollicitudin vitae, consectetuer eget, rutrum at, lorem. Integer tincidunt ante vel ipsum.",https://salon.com
Student,Sacha Denington,Brightdog,sdenington1i@scientificamerican.com,410SfyP,"Quisque porta volutpat erat. Quisque erat eros, viverra eget, congue eget, semper rutrum, nulla. Nunc purus. Phasellus in felis. Donec semper sapien a libero. Nam dui. Proin leo odio, porttitor id, consequat in, consequat ut, nulla. Sed accumsan felis. Ut at dolor quis odio consequat varius. Integer ac leo.",http://examiner.com
Nonprofit,Calv Davitti,Skalith,cdavitti1j@fotki.com,u13GJjT4LfC,"Quisque porta volutpat erat. Quisque erat eros, viverra eget, congue eget, semper rutrum, nulla. Nunc purus. Phasellus in felis. Donec semper sapien a libero. Nam dui.",https://4shared.com
Company,Scarface Hew,Katz,shew1k@answers.com,9FvhKKKwrY,"Cras pellentesque volutpat dui. Maecenas tristique, est et tempus semper, est quam pharetra magna, ac consequat metus sapien ut nunc. Vestibulum ante ipsum primis in faucibus orci luctus et ultrices posuere cubilia Curae; Mauris viverra diam vitae quam. Suspendisse potenti. Nullam porttitor lacus at turpis. Donec posuere metus vitae ipsum. Aliquam non mauris. Morbi non lectus. Aliquam sit amet diam in magna bibendum imperdiet. Nullam orci pede, venenatis non, sodales sed, tincidunt eu, felis.",http://apache.org
Nonprofit,Alexio Macilhench,Jaxworks,amacilhench1l@washington.edu,WlW0tcvH9,"In tempor, turpis nec euismod scelerisque, quam turpis adipiscing lorem, vitae mattis nibh ligula nec sem. Duis aliquam convallis nunc. Proin at turpis a pede posuere nonummy. Integer non velit.",https://hhs.gov
Nonprofit,Emelia Pikett,Oyoyo,epikett1m@cocolog-nifty.com,faDWnXyE,"Integer ac leo. Pellentesque ultrices mattis odio. Donec vitae nisi. Nam ultrices, libero non mattis pulvinar, nulla pede ullamcorper augue, a suscipit nulla elit ac nulla. Sed vel enim sit amet nunc viverra dapibus. Nulla suscipit ligula in lacus. Curabitur at ipsum ac tellus semper interdum. Mauris ullamcorper purus sit amet nulla. Quisque arcu libero, rutrum ac, lobortis vel, dapibus at, diam. Nam tristique tortor eu pede.",http://state.gov
Student,Lavinie Eggleston,Yodoo,leggleston1n@bluehost.com,e7WWblVOo,"Morbi sem mauris, laoreet ut, rhoncus aliquet, pulvinar sed, nisl. Nunc rhoncus dui vel sem.",http://icq.com
Nonprofit,Chrissy Elmes,Skalith,celmes1o@ocn.ne.jp,28hbdUm9Is,"In sagittis dui vel nisl. Duis ac nibh. Fusce lacus purus, aliquet at, feugiat non, pretium quis, lectus. Suspendisse potenti. In eleifend quam a odio. In hac habitasse platea dictumst. Maecenas ut massa quis augue luctus tincidunt. Nulla mollis molestie lorem.",http://addtoany.com